bin_mid,hit_rate,balls_in_play,share
-37.5,0.09000762776506484,1311,0.010692875494474124
-32.5,0.0715158924205379,1636,0.013343664614004323
-27.5,0.07336594041796354,2249,0.018343460707148974
-22.5,0.08604576216564615,3103,0.025308918885852943
-17.5,0.09399477806788512,4213,0.034362383263325316
-12.5,0.13988731299786283,5147,0.04198034337914441
-7.5,0.19993657840494689,6307,0.05144162146731373
-2.5,0.2749014811795081,7359,0.06002202194037764
2.5,0.3934703748488513,8270,0.06745238774927613
7.5,0.5319487004880263,8811,0.07186493209901718
12.5,0.7687924611001534,9126,0.07443415847640798
17.5,0.6397926546818131,9067,0.07395293829778557
22.5,0.5195846032283553,8859,0.07225643326128624
27.5,0.441973840665874,8410,0.0685942661392276
32.5,0.323464305478694,7228,0.05895355001835162
37.5,0.19628601180145783,5762,0.046996452020716936
42.5,0.08064166486017776,4613,0.037624892948900944
47.5,0.04788418708240535,3592,0.02929733697646915
52.5,0.028684470820969338,3033,0.024737979690877206
57.5,0.02491103202846975,2529,0.020627217487051916
62.5,0.01510989010989011,2184,0.017813302883242933
67.5,0.006493506493506494,1848,0.015072794747359406
