ev_lo,ev_hi,la_lo,la_hi,balls_in_play,hit_rate
60.0,62.0,-40.0,-36.0,41,0.12195121951219512
62.0,64.0,-40.0,-36.0,40,0.175
64.0,66.0,-40.0,-36.0,37,0.05405405405405406
66.0,68.0,-40.0,-36.0,37,0.10810810810810811
68.0,70.0,-40.0,-36.0,40,0.15
70.0,72.0,-40.0,-36.0,53,0.1320754716981132
72.0,74.0,-40.0,-36.0,61,0.11475409836065574
74.0,76.0,-40.0,-36.0,57,0.017543859649122806
76.0,78.0,-40.0,-36.0,45,0.022222222222222223
78.0,80.0,-40.0,-36.0,53,0.07547169811320754
80.0,82.0,-40.0,-36.0,70,0.05714285714285714
82.0,84.0,-40.0,-36.0,54,0.037037037037037035
84.0,86.0,-40.0,-36.0,72,0.06944444444444445
86.0,88.0,-40.0,-36.0,65,0.09230769230769231
88.0,90.0,-40.0,-36.0,41,0.024390243902439025
90.0,92.0,-40.0,-36.0,37,0.02702702702702703
92.0,94.0,-40.0,-36.0,23,0.08695652173913043
94.0,96.0,-40.0,-36.0,15,0.13333333333333333
96.0,98.0,-40.0,-36.0,14,
98.0,100.0,-40.0,-36.0,6,
100.0,102.0,-40.0,-36.0,7,
102.0,104.0,-40.0,-36.0,4,
104.0,106.0,-40.0,-36.0,2,
106.0,108.0,-40.0,-36.0,1,
108.0,110.0,-40.0,-36.0,0,
110.0,112.0,-40.0,-36.0,0,
112.0,114.0,-40.0,-36.0,0,
114.0,116.0,-40.0,-36.0,0,
116.0,118.0,-40.0,-36.0,0,
118.0,120.0,-40.0,-36.0,0,
60.0,62.0,-36.0,-32.0,28,0.10714285714285714
62.0,64.0,-36.0,-32.0,32,0.0625
64.0,66.0,-36.0,-32.0,49,0.10204081632653061
66.0,68.0,-36.0,-32.0,53,0.018867924528301886
68.0,70.0,-36.0,-32.0,48,0.10416666666666667
70.0,72.0,-36.0,-32.0,57,0.03508771929824561
72.0,74.0,-36.0,-32.0,50,0.04
74.0,76.0,-36.0,-32.0,71,0.07042253521126761
76.0,78.0,-36.0,-32.0,69,0.07246376811594203
78.0,80.0,-36.0,-32.0,88,0.045454545454545456
80.0,82.0,-36.0,-32.0,69,0.043478260869565216
82.0,84.0,-36.0,-32.0,58,0.017241379310344827
84.0,86.0,-36.0,-32.0,64,0.03125
86.0,88.0,-36.0,-32.0,75,0.02666666666666667
88.0,90.0,-36.0,-32.0,66,0.09090909090909091
90.0,92.0,-36.0,-32.0,57,0.03508771929824561
92.0,94.0,-36.0,-32.0,46,0.06521739130434782
94.0,96.0,-36.0,-32.0,27,0.037037037037037035
96.0,98.0,-36.0,-32.0,22,0.045454545454545456
98.0,100.0,-36.0,-32.0,17,0.17647058823529413
100.0,102.0,-36.0,-32.0,12,
102.0,104.0,-36.0,-32.0,8,
104.0,106.0,-36.0,-32.0,4,
106.0,108.0,-36.0,-32.0,2,
108.0,110.0,-36.0,-32.0,3,
110.0,112.0,-36.0,-32.0,0,
112.0,114.0,-36.0,-32.0,0,
114.0,116.0,-36.0,-32.0,0,
116.0,118.0,-36.0,-32.0,0,
118.0,120.0,-36.0,-32.0,0,
60.0,62.0,-32.0,-28.0,36,0.05555555555555555
62.0,64.0,-32.0,-28.0,54,0.018518518518518517
64.0,66.0,-32.0,-28.0,50,0.08
66.0,68.0,-32.0,-28.0,50,0.06
68.0,70.0,-32.0,-28.0,59,0.06779661016949153
70.0,72.0,-32.0,-28.0,49,0.061224489795918366
72.0,74.0,-32.0,-28.0,70,0.014285714285714285
74.0,76.0,-32.0,-28.0,56,0.05357142857142857
76.0,78.0,-32.0,-28.0,72,0.05555555555555555
78.0,80.0,-32.0,-28.0,77,0.025974025974025976
80.0,82.0,-32.0,-28.0,69,0.057971014492753624
82.0,84.0,-32.0,-28.0,87,0.022988505747126436
84.0,86.0,-32.0,-28.0,76,0.07894736842105263
86.0,88.0,-32.0,-28.0,98,0.09183673469387756
88.0,90.0,-32.0,-28.0,81,0.037037037037037035
90.0,92.0,-32.0,-28.0,86,0.05813953488372093
92.0,94.0,-32.0,-28.0,71,0.11267605633802817
94.0,96.0,-32.0,-28.0,52,0.07692307692307693
96.0,98.0,-32.0,-28.0,48,0.125
98.0,100.0,-32.0,-28.0,39,0.05128205128205128
100.0,102.0,-32.0,-28.0,26,0.038461538461538464
102.0,104.0,-32.0,-28.0,23,0.043478260869565216
104.0,106.0,-32.0,-28.0,15,0.2
106.0,108.0,-32.0,-28.0,6,
108.0,110.0,-32.0,-28.0,4,
110.0,112.0,-32.0,-28.0,1,
112.0,114.0,-32.0,-28.0,0,
114.0,116.0,-32.0,-28.0,0,
116.0,118.0,-32.0,-28.0,0,
118.0,120.0,-32.0,-28.0,0,
60.0,62.0,-28.0,-24.0,26,0.07692307692307693
62.0,64.0,-28.0,-24.0,46,0.021739130434782608
64.0,66.0,-28.0,-24.0,46,0.021739130434782608
66.0,68.0,-28.0,-24.0,66,0.030303030303030304
68.0,70.0,-28.0,-24.0,53,0.018867924528301886
70.0,72.0,-28.0,-24.0,58,0.0
72.0,74.0,-28.0,-24.0,57,0.05263157894736842
74.0,76.0,-28.0,-24.0,46,0.08695652173913043
76.0,78.0,-28.0,-24.0,94,0.05319148936170213
78.0,80.0,-28.0,-24.0,93,0.043010752688172046
80.0,82.0,-28.0,-24.0,101,0.1188118811881188
82.0,84.0,-28.0,-24.0,112,0.10714285714285714
84.0,86.0,-28.0,-24.0,105,0.047619047619047616
86.0,88.0,-28.0,-24.0,120,0.05
88.0,90.0,-28.0,-24.0,103,0.05825242718446602
90.0,92.0,-28.0,-24.0,154,0.09740259740259741
92.0,94.0,-28.0,-24.0,94,0.031914893617021274
94.0,96.0,-28.0,-24.0,99,0.12121212121212122
96.0,98.0,-28.0,-24.0,92,0.13043478260869565
98.0,100.0,-28.0,-24.0,75,0.12
100.0,102.0,-28.0,-24.0,68,0.10294117647058823
102.0,104.0,-28.0,-24.0,48,0.20833333333333334
104.0,106.0,-28.0,-24.0,36,0.16666666666666666
106.0,108.0,-28.0,-24.0,29,0.06896551724137931
108.0,110.0,-28.0,-24.0,28,0.10714285714285714
110.0,112.0,-28.0,-24.0,2,
112.0,114.0,-28.0,-24.0,0,
114.0,116.0,-28.0,-24.0,0,
116.0,118.0,-28.0,-24.0,0,
118.0,120.0,-28.0,-24.0,0,
60.0,62.0,-24.0,-20.0,29,0.10344827586206896
62.0,64.0,-24.0,-20.0,54,0.018518518518518517
64.0,66.0,-24.0,-20.0,55,0.07272727272727272
66.0,68.0,-24.0,-20.0,70,0.07142857142857142
68.0,70.0,-24.0,-20.0,76,0.05263157894736842
70.0,72.0,-24.0,-20.0,93,0.06451612903225806
72.0,74.0,-24.0,-20.0,76,0.06578947368421052
74.0,76.0,-24.0,-20.0,73,0.0410958904109589
76.0,78.0,-24.0,-20.0,68,0.07352941176470588
78.0,80.0,-24.0,-20.0,88,0.045454545454545456
80.0,82.0,-24.0,-20.0,108,0.05555555555555555
82.0,84.0,-24.0,-20.0,129,0.031007751937984496
84.0,86.0,-24.0,-20.0,137,0.051094890510948905
86.0,88.0,-24.0,-20.0,150,0.07333333333333333
88.0,90.0,-24.0,-20.0,146,0.1095890410958904
90.0,92.0,-24.0,-20.0,164,0.06707317073170732
92.0,94.0,-24.0,-20.0,154,0.11688311688311688
94.0,96.0,-24.0,-20.0,161,0.10559006211180125
96.0,98.0,-24.0,-20.0,141,0.1347517730496454
98.0,100.0,-24.0,-20.0,130,0.06153846153846154
100.0,102.0,-24.0,-20.0,94,0.09574468085106383
102.0,104.0,-24.0,-20.0,105,0.1619047619047619
104.0,106.0,-24.0,-20.0,65,0.12307692307692308
106.0,108.0,-24.0,-20.0,44,0.13636363636363635
108.0,110.0,-24.0,-20.0,33,0.18181818181818182
110.0,112.0,-24.0,-20.0,3,
112.0,114.0,-24.0,-20.0,0,
114.0,116.0,-24.0,-20.0,0,
116.0,118.0,-24.0,-20.0,0,
118.0,120.0,-24.0,-20.0,0,
60.0,62.0,-20.0,-16.0,37,0.05405405405405406
62.0,64.0,-20.0,-16.0,44,0.045454545454545456
64.0,66.0,-20.0,-16.0,46,0.021739130434782608
66.0,68.0,-20.0,-16.0,70,0.02857142857142857
68.0,70.0,-20.0,-16.0,88,0.056818181818181816
70.0,72.0,-20.0,-16.0,101,0.039603960396039604
72.0,74.0,-20.0,-16.0,99,0.010101010101010102
74.0,76.0,-20.0,-16.0,103,0.038834951456310676
76.0,78.0,-20.0,-16.0,101,0.04950495049504951
78.0,80.0,-20.0,-16.0,87,0.022988505747126436
80.0,82.0,-20.0,-16.0,120,0.05
82.0,84.0,-20.0,-16.0,161,0.08695652173913043
84.0,86.0,-20.0,-16.0,136,0.0661764705882353
86.0,88.0,-20.0,-16.0,175,0.06857142857142857
88.0,90.0,-20.0,-16.0,203,0.054187192118226604
90.0,92.0,-20.0,-16.0,207,0.07729468599033816
92.0,94.0,-20.0,-16.0,228,0.12719298245614036
94.0,96.0,-20.0,-16.0,234,0.10256410256410256
96.0,98.0,-20.0,-16.0,213,0.13145539906103287
98.0,100.0,-20.0,-16.0,200,0.16
100.0,102.0,-20.0,-16.0,151,0.11920529801324503
102.0,104.0,-20.0,-16.0,120,0.2
104.0,106.0,-20.0,-16.0,106,0.14150943396226415
106.0,108.0,-20.0,-16.0,62,0.0967741935483871
108.0,110.0,-20.0,-16.0,43,0.11627906976744186
110.0,112.0,-20.0,-16.0,8,
112.0,114.0,-20.0,-16.0,0,
114.0,116.0,-20.0,-16.0,0,
116.0,118.0,-20.0,-16.0,0,
118.0,120.0,-20.0,-16.0,0,
60.0,62.0,-16.0,-12.0,27,0.07407407407407407
62.0,64.0,-16.0,-12.0,48,0.0625
64.0,66.0,-16.0,-12.0,55,0.05454545454545454
66.0,68.0,-16.0,-12.0,94,0.06382978723404255
68.0,70.0,-16.0,-12.0,96,0.052083333333333336
70.0,72.0,-16.0,-12.0,118,0.0423728813559322
72.0,74.0,-16.0,-12.0,108,0.037037037037037035
74.0,76.0,-16.0,-12.0,141,0.0425531914893617
76.0,78.0,-16.0,-12.0,104,0.0673076923076923
78.0,80.0,-16.0,-12.0,107,0.04672897196261682
80.0,82.0,-16.0,-12.0,138,0.050724637681159424
82.0,84.0,-16.0,-12.0,130,0.06153846153846154
84.0,86.0,-16.0,-12.0,166,0.0963855421686747
86.0,88.0,-16.0,-12.0,159,0.10062893081761007
88.0,90.0,-16.0,-12.0,225,0.1111111111111111
90.0,92.0,-16.0,-12.0,267,0.14232209737827714
92.0,94.0,-16.0,-12.0,299,0.14046822742474915
94.0,96.0,-16.0,-12.0,287,0.1672473867595819
96.0,98.0,-16.0,-12.0,298,0.12416107382550336
98.0,100.0,-16.0,-12.0,272,0.1875
100.0,102.0,-16.0,-12.0,228,0.2324561403508772
102.0,104.0,-16.0,-12.0,151,0.2119205298013245
104.0,106.0,-16.0,-12.0,122,0.22950819672131148
106.0,108.0,-16.0,-12.0,68,0.25
108.0,110.0,-16.0,-12.0,59,0.1694915254237288
110.0,112.0,-16.0,-12.0,16,0.25
112.0,114.0,-16.0,-12.0,2,
114.0,116.0,-16.0,-12.0,2,
116.0,118.0,-16.0,-12.0,0,
118.0,120.0,-16.0,-12.0,0,
60.0,62.0,-12.0,-8.0,42,0.09523809523809523
62.0,64.0,-12.0,-8.0,47,0.02127659574468085
64.0,66.0,-12.0,-8.0,71,0.07042253521126761
66.0,68.0,-12.0,-8.0,86,0.023255813953488372
68.0,70.0,-12.0,-8.0,77,0.03896103896103896
70.0,72.0,-12.0,-8.0,115,0.06956521739130435
72.0,74.0,-12.0,-8.0,145,0.027586206896551724
74.0,76.0,-12.0,-8.0,112,0.08928571428571429
76.0,78.0,-12.0,-8.0,122,0.07377049180327869
78.0,80.0,-12.0,-8.0,104,0.09615384615384616
80.0,82.0,-12.0,-8.0,144,0.1111111111111111
82.0,84.0,-12.0,-8.0,138,0.06521739130434782
84.0,86.0,-12.0,-8.0,184,0.11956521739130435
86.0,88.0,-12.0,-8.0,194,0.17010309278350516
88.0,90.0,-12.0,-8.0,255,0.11372549019607843
90.0,92.0,-12.0,-8.0,281,0.16725978647686832
92.0,94.0,-12.0,-8.0,341,0.187683284457478
94.0,96.0,-12.0,-8.0,343,0.22740524781341107
96.0,98.0,-12.0,-8.0,409,0.21026894865525672
98.0,100.0,-12.0,-8.0,325,0.23076923076923078
100.0,102.0,-12.0,-8.0,327,0.22324159021406728
102.0,104.0,-12.0,-8.0,257,0.2801556420233463
104.0,106.0,-12.0,-8.0,179,0.29608938547486036
106.0,108.0,-12.0,-8.0,100,0.27
108.0,110.0,-12.0,-8.0,56,0.3392857142857143
110.0,112.0,-12.0,-8.0,24,0.375
112.0,114.0,-12.0,-8.0,8,
114.0,116.0,-12.0,-8.0,3,
116.0,118.0,-12.0,-8.0,1,
118.0,120.0,-12.0,-8.0,0,
60.0,62.0,-8.0,-4.0,35,0.02857142857142857
62.0,64.0,-8.0,-4.0,43,0.13953488372093023
64.0,66.0,-8.0,-4.0,54,0.05555555555555555
66.0,68.0,-8.0,-4.0,69,0.07246376811594203
68.0,70.0,-8.0,-4.0,88,0.03409090909090909
70.0,72.0,-8.0,-4.0,133,0.07518796992481203
72.0,74.0,-8.0,-4.0,127,0.07086614173228346
74.0,76.0,-8.0,-4.0,156,0.057692307692307696
76.0,78.0,-8.0,-4.0,158,0.03164556962025317
78.0,80.0,-8.0,-4.0,165,0.11515151515151516
80.0,82.0,-8.0,-4.0,161,0.08074534161490683
82.0,84.0,-8.0,-4.0,147,0.12244897959183673
84.0,86.0,-8.0,-4.0,178,0.12921348314606743
86.0,88.0,-8.0,-4.0,245,0.1836734693877551
88.0,90.0,-8.0,-4.0,241,0.17012448132780084
90.0,92.0,-8.0,-4.0,281,0.19217081850533807
92.0,94.0,-8.0,-4.0,367,0.25885558583106266
94.0,96.0,-8.0,-4.0,354,0.2231638418079096
96.0,98.0,-8.0,-4.0,442,0.28054298642533937
98.0,100.0,-8.0,-4.0,422,0.2914691943127962
100.0,102.0,-8.0,-4.0,435,0.31264367816091954
102.0,104.0,-8.0,-4.0,350,0.2914285714285714
104.0,106.0,-8.0,-4.0,267,0.36329588014981273
106.0,108.0,-8.0,-4.0,152,0.35526315789473684
108.0,110.0,-8.0,-4.0,101,0.45544554455445546
110.0,112.0,-8.0,-4.0,38,0.39473684210526316
112.0,114.0,-8.0,-4.0,15,0.5333333333333333
114.0,116.0,-8.0,-4.0,5,
116.0,118.0,-8.0,-4.0,0,
118.0,120.0,-8.0,-4.0,1,
60.0,62.0,-4.0,0.0,37,0.05405405405405406
62.0,64.0,-4.0,0.0,37,0.10810810810810811
64.0,66.0,-4.0,0.0,44,0.13636363636363635
66.0,68.0,-4.0,0.0,62,0.06451612903225806
68.0,70.0,-4.0,0.0,100,0.07
70.0,72.0,-4.0,0.0,102,0.058823529411764705
72.0,74.0,-4.0,0.0,117,0.10256410256410256
74.0,76.0,-4.0,0.0,154,0.09090909090909091
76.0,78.0,-4.0,0.0,166,0.060240963855421686
78.0,80.0,-4.0,0.0,153,0.11764705882352941
80.0,82.0,-4.0,0.0,152,0.13157894736842105
82.0,84.0,-4.0,0.0,189,0.12698412698412698
84.0,86.0,-4.0,0.0,200,0.25
86.0,88.0,-4.0,0.0,225,0.21333333333333335
88.0,90.0,-4.0,0.0,264,0.24242424242424243
90.0,92.0,-4.0,0.0,297,0.2255892255892256
92.0,94.0,-4.0,0.0,336,0.2857142857142857
94.0,96.0,-4.0,0.0,382,0.2801047120418848
96.0,98.0,-4.0,0.0,476,0.3550420168067227
98.0,100.0,-4.0,0.0,499,0.39478957915831664
100.0,102.0,-4.0,0.0,552,0.32065217391304346
102.0,104.0,-4.0,0.0,449,0.39198218262806234
104.0,106.0,-4.0,0.0,380,0.45263157894736844
106.0,108.0,-4.0,0.0,224,0.46875
108.0,110.0,-4.0,0.0,126,0.5
110.0,112.0,-4.0,0.0,65,0.5076923076923077
112.0,114.0,-4.0,0.0,20,0.65
114.0,116.0,-4.0,0.0,8,
116.0,118.0,-4.0,0.0,1,
118.0,120.0,-4.0,0.0,0,
60.0,62.0,0.0,4.0,36,0.1388888888888889
62.0,64.0,0.0,4.0,37,0.05405405405405406
64.0,66.0,0.0,4.0,48,0.125
66.0,68.0,0.0,4.0,65,0.12307692307692308
68.0,70.0,0.0,4.0,93,0.06451612903225806
70.0,72.0,0.0,4.0,102,0.049019607843137254
72.0,74.0,0.0,4.0,122,0.09836065573770492
74.0,76.0,0.0,4.0,174,0.1206896551724138
76.0,78.0,0.0,4.0,175,0.1657142857142857
78.0,80.0,0.0,4.0,152,0.18421052631578946
80.0,82.0,0.0,4.0,184,0.23369565217391305
82.0,84.0,0.0,4.0,168,0.25
84.0,86.0,0.0,4.0,219,0.2648401826484018
86.0,88.0,0.0,4.0,229,0.3056768558951965
88.0,90.0,0.0,4.0,290,0.3310344827586207
90.0,92.0,0.0,4.0,327,0.3149847094801223
92.0,94.0,0.0,4.0,341,0.4222873900293255
94.0,96.0,0.0,4.0,401,0.4139650872817955
96.0,98.0,0.0,4.0,476,0.43487394957983194
98.0,100.0,0.0,4.0,536,0.4216417910447761
100.0,102.0,0.0,4.0,567,0.48500881834215165
102.0,104.0,0.0,4.0,520,0.5134615384615384
104.0,106.0,0.0,4.0,495,0.5111111111111111
106.0,108.0,0.0,4.0,354,0.5508474576271186
108.0,110.0,0.0,4.0,182,0.5439560439560439
110.0,112.0,0.0,4.0,86,0.6046511627906976
112.0,114.0,0.0,4.0,27,0.5925925925925926
114.0,116.0,0.0,4.0,11,
116.0,118.0,0.0,4.0,2,
118.0,120.0,0.0,4.0,0,
60.0,62.0,4.0,8.0,29,0.13793103448275862
62.0,64.0,4.0,8.0,55,0.18181818181818182
64.0,66.0,4.0,8.0,43,0.18604651162790697
66.0,68.0,4.0,8.0,72,0.125
68.0,70.0,4.0,8.0,75,0.12
70.0,72.0,4.0,8.0,106,0.2358490566037736
72.0,74.0,4.0,8.0,125,0.12
74.0,76.0,4.0,8.0,153,0.16993464052287582
76.0,78.0,4.0,8.0,162,0.2037037037037037
78.0,80.0,4.0,8.0,186,0.21505376344086022
80.0,82.0,4.0,8.0,182,0.2967032967032967
82.0,84.0,4.0,8.0,212,0.3490566037735849
84.0,86.0,4.0,8.0,220,0.40454545454545454
86.0,88.0,4.0,8.0,254,0.35826771653543305
88.0,90.0,4.0,8.0,281,0.43416370106761565
90.0,92.0,4.0,8.0,323,0.43343653250773995
92.0,94.0,4.0,8.0,391,0.5294117647058824
94.0,96.0,4.0,8.0,372,0.5161290322580645
96.0,98.0,4.0,8.0,490,0.5591836734693878
98.0,100.0,4.0,8.0,540,0.562962962962963
100.0,102.0,4.0,8.0,632,0.6075949367088608
102.0,104.0,4.0,8.0,580,0.6103448275862069
104.0,106.0,4.0,8.0,531,0.6629001883239172
106.0,108.0,4.0,8.0,395,0.6784810126582278
108.0,110.0,4.0,8.0,238,0.6554621848739496
110.0,112.0,4.0,8.0,129,0.689922480620155
112.0,114.0,4.0,8.0,38,0.7631578947368421
114.0,116.0,4.0,8.0,16,0.6875
116.0,118.0,4.0,8.0,3,
118.0,120.0,4.0,8.0,0,
60.0,62.0,8.0,12.0,19,0.10526315789473684
62.0,64.0,8.0,12.0,17,0.17647058823529413
64.0,66.0,8.0,12.0,61,0.13114754098360656
66.0,68.0,8.0,12.0,80,0.2
68.0,70.0,8.0,12.0,79,0.27848101265822783
70.0,72.0,8.0,12.0,98,0.25510204081632654
72.0,74.0,8.0,12.0,127,0.36220472440944884
74.0,76.0,8.0,12.0,152,0.2565789473684211
76.0,78.0,8.0,12.0,158,0.37341772151898733
78.0,80.0,8.0,12.0,159,0.41509433962264153
80.0,82.0,8.0,12.0,187,0.41711229946524064
82.0,84.0,8.0,12.0,237,0.4345991561181435
84.0,86.0,8.0,12.0,270,0.5148148148148148
86.0,88.0,8.0,12.0,285,0.5684210526315789
88.0,90.0,8.0,12.0,267,0.6067415730337079
90.0,92.0,8.0,12.0,354,0.6271186440677966
92.0,94.0,8.0,12.0,365,0.7178082191780822
94.0,96.0,8.0,12.0,444,0.6734234234234234
96.0,98.0,8.0,12.0,514,0.745136186770428
98.0,100.0,8.0,12.0,631,0.7496038034865293
100.0,102.0,8.0,12.0,590,0.7305084745762712
102.0,104.0,8.0,12.0,635,0.784251968503937
104.0,106.0,8.0,12.0,536,0.8488805970149254
106.0,108.0,8.0,12.0,415,0.8265060240963855
108.0,110.0,8.0,12.0,244,0.8688524590163934
110.0,112.0,8.0,12.0,149,0.8456375838926175
112.0,114.0,8.0,12.0,61,0.8688524590163934
114.0,116.0,8.0,12.0,31,0.8709677419354839
116.0,118.0,8.0,12.0,7,
118.0,120.0,8.0,12.0,1,
60.0,62.0,12.0,16.0,32,0.0625
62.0,64.0,12.0,16.0,39,0.23076923076923078
64.0,66.0,12.0,16.0,50,0.3
66.0,68.0,12.0,16.0,62,0.3225806451612903
68.0,70.0,12.0,16.0,79,0.3670886075949367
70.0,72.0,12.0,16.0,98,0.3877551020408163
72.0,74.0,12.0,16.0,113,0.35398230088495575
74.0,76.0,12.0,16.0,177,0.536723163841808
76.0,78.0,12.0,16.0,146,0.5
78.0,80.0,12.0,16.0,186,0.6559139784946236
80.0,82.0,12.0,16.0,193,0.6528497409326425
82.0,84.0,12.0,16.0,221,0.7963800904977375
84.0,86.0,12.0,16.0,237,0.8565400843881856
86.0,88.0,12.0,16.0,256,0.89453125
88.0,90.0,12.0,16.0,296,0.9324324324324325
90.0,92.0,12.0,16.0,354,0.9491525423728814
92.0,94.0,12.0,16.0,390,0.9384615384615385
94.0,96.0,12.0,16.0,470,0.9382978723404255
96.0,98.0,12.0,16.0,496,0.905241935483871
98.0,100.0,12.0,16.0,555,0.8486486486486486
100.0,102.0,12.0,16.0,647,0.8423493044822257
102.0,104.0,12.0,16.0,604,0.8377483443708609
104.0,106.0,12.0,16.0,562,0.800711743772242
106.0,108.0,12.0,16.0,454,0.775330396475771
108.0,110.0,12.0,16.0,254,0.7480314960629921
110.0,112.0,12.0,16.0,157,0.7834394904458599
112.0,114.0,12.0,16.0,46,0.7608695652173914
114.0,116.0,12.0,16.0,21,0.9047619047619048
116.0,118.0,12.0,16.0,5,
118.0,120.0,12.0,16.0,1,
60.0,62.0,16.0,20.0,31,0.12903225806451613
62.0,64.0,16.0,20.0,49,0.32653061224489793
64.0,66.0,16.0,20.0,54,0.42592592592592593
66.0,68.0,16.0,20.0,54,0.37037037037037035
68.0,70.0,16.0,20.0,70,0.5285714285714286
70.0,72.0,16.0,20.0,105,0.6571428571428571
72.0,74.0,16.0,20.0,117,0.8717948717948718
74.0,76.0,16.0,20.0,131,0.8625954198473282
76.0,78.0,16.0,20.0,169,0.9585798816568047
78.0,80.0,16.0,20.0,190,0.968421052631579
80.0,82.0,16.0,20.0,196,0.9795918367346939
82.0,84.0,16.0,20.0,215,0.9627906976744186
84.0,86.0,16.0,20.0,221,0.9140271493212669
86.0,88.0,16.0,20.0,289,0.8650519031141869
88.0,90.0,16.0,20.0,290,0.7724137931034483
90.0,92.0,16.0,20.0,371,0.6873315363881402
92.0,94.0,16.0,20.0,409,0.5623471882640587
94.0,96.0,16.0,20.0,477,0.48427672955974843
96.0,98.0,16.0,20.0,502,0.4760956175298805
98.0,100.0,16.0,20.0,603,0.43781094527363185
100.0,102.0,16.0,20.0,582,0.4570446735395189
102.0,104.0,16.0,20.0,558,0.4767025089605735
104.0,106.0,16.0,20.0,521,0.5297504798464492
106.0,108.0,16.0,20.0,442,0.5633484162895928
108.0,110.0,16.0,20.0,253,0.6561264822134387
110.0,112.0,16.0,20.0,144,0.6944444444444444
112.0,114.0,16.0,20.0,48,0.8541666666666666
114.0,116.0,16.0,20.0,16,0.8125
116.0,118.0,16.0,20.0,4,
118.0,120.0,16.0,20.0,0,
60.0,62.0,20.0,24.0,31,0.3225806451612903
62.0,64.0,20.0,24.0,33,0.5454545454545454
64.0,66.0,20.0,24.0,48,0.625
66.0,68.0,20.0,24.0,69,0.855072463768116
68.0,70.0,20.0,24.0,85,0.8823529411764706
70.0,72.0,20.0,24.0,119,0.9747899159663865
72.0,74.0,20.0,24.0,123,0.991869918699187
74.0,76.0,20.0,24.0,155,0.9806451612903225
76.0,78.0,20.0,24.0,136,0.9779411764705882
78.0,80.0,20.0,24.0,181,0.8950276243093923
80.0,82.0,20.0,24.0,210,0.7714285714285715
82.0,84.0,20.0,24.0,212,0.660377358490566
84.0,86.0,20.0,24.0,258,0.4418604651162791
86.0,88.0,20.0,24.0,247,0.38866396761133604
88.0,90.0,20.0,24.0,301,0.2691029900332226
90.0,92.0,20.0,24.0,372,0.23387096774193547
92.0,94.0,20.0,24.0,434,0.1935483870967742
94.0,96.0,20.0,24.0,466,0.23390557939914164
96.0,98.0,20.0,24.0,504,0.24206349206349206
98.0,100.0,20.0,24.0,539,0.3320964749536178
100.0,102.0,20.0,24.0,632,0.44145569620253167
102.0,104.0,20.0,24.0,600,0.5983333333333334
104.0,106.0,20.0,24.0,477,0.7421383647798742
106.0,108.0,20.0,24.0,363,0.8457300275482094
108.0,110.0,20.0,24.0,202,0.9158415841584159
110.0,112.0,20.0,24.0,128,0.9609375
112.0,114.0,20.0,24.0,39,0.9743589743589743
114.0,116.0,20.0,24.0,7,
116.0,118.0,20.0,24.0,1,
118.0,120.0,20.0,24.0,0,
60.0,62.0,24.0,28.0,31,0.5161290322580645
62.0,64.0,24.0,28.0,43,0.5581395348837209
64.0,66.0,24.0,28.0,54,0.8703703703703703
66.0,68.0,24.0,28.0,64,0.953125
68.0,70.0,24.0,28.0,82,0.9878048780487805
70.0,72.0,24.0,28.0,100,0.96
72.0,74.0,24.0,28.0,121,0.9090909090909091
74.0,76.0,24.0,28.0,159,0.7924528301886793
76.0,78.0,24.0,28.0,170,0.6294117647058823
78.0,80.0,24.0,28.0,164,0.3780487804878049
80.0,82.0,24.0,28.0,198,0.29292929292929293
82.0,84.0,24.0,28.0,240,0.175
84.0,86.0,24.0,28.0,233,0.10300429184549356
86.0,88.0,24.0,28.0,310,0.11935483870967742
88.0,90.0,24.0,28.0,344,0.09593023255813954
90.0,92.0,24.0,28.0,385,0.11948051948051948
92.0,94.0,24.0,28.0,403,0.11662531017369727
94.0,96.0,24.0,28.0,477,0.21593291404612158
96.0,98.0,24.0,28.0,538,0.2620817843866171
98.0,100.0,24.0,28.0,534,0.44569288389513106
100.0,102.0,24.0,28.0,561,0.6042780748663101
102.0,104.0,24.0,28.0,527,0.7495256166982922
104.0,106.0,24.0,28.0,448,0.90625
106.0,108.0,24.0,28.0,291,0.9621993127147767
108.0,110.0,24.0,28.0,188,0.9840425531914894
110.0,112.0,24.0,28.0,89,1.0
112.0,114.0,24.0,28.0,30,1.0
114.0,116.0,24.0,28.0,7,
116.0,118.0,24.0,28.0,5,
118.0,120.0,24.0,28.0,0,
60.0,62.0,28.0,32.0,22,0.45454545454545453
62.0,64.0,28.0,32.0,39,0.6153846153846154
64.0,66.0,28.0,32.0,54,0.8888888888888888
66.0,68.0,28.0,32.0,67,0.9850746268656716
68.0,70.0,28.0,32.0,65,0.9230769230769231
70.0,72.0,28.0,32.0,96,0.8229166666666666
72.0,74.0,28.0,32.0,124,0.6290322580645161
74.0,76.0,28.0,32.0,120,0.4
76.0,78.0,28.0,32.0,131,0.183206106870229
78.0,80.0,28.0,32.0,180,0.1111111111111111
80.0,82.0,28.0,32.0,201,0.08955223880597014
82.0,84.0,28.0,32.0,221,0.05429864253393665
84.0,86.0,28.0,32.0,288,0.06944444444444445
86.0,88.0,28.0,32.0,245,0.053061224489795916
88.0,90.0,28.0,32.0,298,0.053691275167785234
90.0,92.0,28.0,32.0,359,0.055710306406685235
92.0,94.0,28.0,32.0,409,0.07090464547677261
94.0,96.0,28.0,32.0,470,0.2
96.0,98.0,28.0,32.0,490,0.2714285714285714
98.0,100.0,28.0,32.0,546,0.4267399267399267
100.0,102.0,28.0,32.0,514,0.5972762645914397
102.0,104.0,28.0,32.0,462,0.7467532467532467
104.0,106.0,28.0,32.0,346,0.8815028901734104
106.0,108.0,28.0,32.0,222,0.954954954954955
108.0,110.0,28.0,32.0,113,0.9823008849557522
110.0,112.0,28.0,32.0,48,1.0
112.0,114.0,28.0,32.0,17,1.0
114.0,116.0,28.0,32.0,4,
116.0,118.0,28.0,32.0,4,
118.0,120.0,28.0,32.0,0,
60.0,62.0,32.0,36.0,28,0.35714285714285715
62.0,64.0,32.0,36.0,41,0.5609756097560976
64.0,66.0,32.0,36.0,45,0.8222222222222222
66.0,68.0,32.0,36.0,45,0.8666666666666667
68.0,70.0,32.0,36.0,71,0.8309859154929577
70.0,72.0,32.0,36.0,102,0.7352941176470589
72.0,74.0,32.0,36.0,105,0.4095238095238095
74.0,76.0,32.0,36.0,108,0.14814814814814814
76.0,78.0,32.0,36.0,141,0.11347517730496454
78.0,80.0,32.0,36.0,164,0.04878048780487805
80.0,82.0,32.0,36.0,191,0.05235602094240838
82.0,84.0,32.0,36.0,197,0.015228426395939087
84.0,86.0,32.0,36.0,255,0.03137254901960784
86.0,88.0,32.0,36.0,288,0.020833333333333332
88.0,90.0,32.0,36.0,311,0.04180064308681672
90.0,92.0,32.0,36.0,337,0.04747774480712166
92.0,94.0,32.0,36.0,399,0.07518796992481203
94.0,96.0,32.0,36.0,402,0.12935323383084577
96.0,98.0,32.0,36.0,455,0.22857142857142856
98.0,100.0,32.0,36.0,431,0.3062645011600928
100.0,102.0,32.0,36.0,419,0.5011933174224343
102.0,104.0,32.0,36.0,305,0.6327868852459017
104.0,106.0,32.0,36.0,270,0.7481481481481481
106.0,108.0,32.0,36.0,122,0.8770491803278688
108.0,110.0,32.0,36.0,89,0.9438202247191011
110.0,112.0,32.0,36.0,37,0.9459459459459459
112.0,114.0,32.0,36.0,11,
114.0,116.0,32.0,36.0,4,
116.0,118.0,32.0,36.0,0,
118.0,120.0,32.0,36.0,0,
60.0,62.0,36.0,40.0,28,0.25
62.0,64.0,36.0,40.0,32,0.40625
64.0,66.0,36.0,40.0,46,0.5
66.0,68.0,36.0,40.0,47,0.6595744680851063
68.0,70.0,36.0,40.0,64,0.65625
70.0,72.0,36.0,40.0,66,0.5151515151515151
72.0,74.0,36.0,40.0,102,0.30392156862745096
74.0,76.0,36.0,40.0,121,0.15702479338842976
76.0,78.0,36.0,40.0,129,0.05426356589147287
78.0,80.0,36.0,40.0,162,0.012345679012345678
80.0,82.0,36.0,40.0,170,0.052941176470588235
82.0,84.0,36.0,40.0,209,0.009569377990430622
84.0,86.0,36.0,40.0,213,0.0
86.0,88.0,36.0,40.0,249,0.008032128514056224
88.0,90.0,36.0,40.0,286,0.017482517482517484
90.0,92.0,36.0,40.0,289,0.01730103806228374
92.0,94.0,36.0,40.0,367,0.04087193460490463
94.0,96.0,36.0,40.0,344,0.07267441860465117
96.0,98.0,36.0,40.0,376,0.16489361702127658
98.0,100.0,36.0,40.0,328,0.25
100.0,102.0,36.0,40.0,302,0.304635761589404
102.0,104.0,36.0,40.0,206,0.44660194174757284
104.0,106.0,36.0,40.0,132,0.6060606060606061
106.0,108.0,36.0,40.0,74,0.7567567567567568
108.0,110.0,36.0,40.0,32,0.90625
110.0,112.0,36.0,40.0,14,
112.0,114.0,36.0,40.0,2,
114.0,116.0,36.0,40.0,1,
116.0,118.0,36.0,40.0,0,
118.0,120.0,36.0,40.0,0,
60.0,62.0,40.0,44.0,14,
62.0,64.0,40.0,44.0,37,0.32432432432432434
64.0,66.0,40.0,44.0,33,0.2727272727272727
66.0,68.0,40.0,44.0,44,0.5227272727272727
68.0,70.0,40.0,44.0,53,0.37735849056603776
70.0,72.0,40.0,44.0,69,0.4782608695652174
72.0,74.0,40.0,44.0,96,0.21875
74.0,76.0,40.0,44.0,103,0.0970873786407767
76.0,78.0,40.0,44.0,98,0.05102040816326531
78.0,80.0,40.0,44.0,140,0.03571428571428571
80.0,82.0,40.0,44.0,172,0.01744186046511628
82.0,84.0,40.0,44.0,171,0.017543859649122806
84.0,86.0,40.0,44.0,216,0.009259259259259259
86.0,88.0,40.0,44.0,245,0.004081632653061225
88.0,90.0,40.0,44.0,268,0.007462686567164179
90.0,92.0,40.0,44.0,308,0.00974025974025974
92.0,94.0,40.0,44.0,324,0.021604938271604937
94.0,96.0,40.0,44.0,326,0.02147239263803681
96.0,98.0,40.0,44.0,303,0.033003300330033
98.0,100.0,40.0,44.0,216,0.10185185185185185
100.0,102.0,40.0,44.0,186,0.12365591397849462
102.0,104.0,40.0,44.0,132,0.16666666666666666
104.0,106.0,40.0,44.0,81,0.30864197530864196
106.0,108.0,40.0,44.0,48,0.5208333333333334
108.0,110.0,40.0,44.0,14,
110.0,112.0,40.0,44.0,7,
112.0,114.0,40.0,44.0,0,
114.0,116.0,40.0,44.0,1,
116.0,118.0,40.0,44.0,0,
118.0,120.0,40.0,44.0,0,
60.0,62.0,44.0,48.0,21,0.2857142857142857
62.0,64.0,44.0,48.0,25,0.32
64.0,66.0,44.0,48.0,35,0.34285714285714286
66.0,68.0,44.0,48.0,35,0.4
68.0,70.0,44.0,48.0,41,0.34146341463414637
70.0,72.0,44.0,48.0,51,0.29411764705882354
72.0,74.0,44.0,48.0,67,0.23880597014925373
74.0,76.0,44.0,48.0,88,0.125
76.0,78.0,44.0,48.0,95,0.06315789473684211
78.0,80.0,44.0,48.0,122,0.040983606557377046
80.0,82.0,44.0,48.0,157,0.012738853503184714
82.0,84.0,44.0,48.0,181,0.011049723756906077
84.0,86.0,44.0,48.0,185,0.005405405405405406
86.0,88.0,44.0,48.0,201,0.004975124378109453
88.0,90.0,44.0,48.0,246,0.008130081300813009
90.0,92.0,44.0,48.0,257,0.0
92.0,94.0,44.0,48.0,258,0.0
94.0,96.0,44.0,48.0,231,0.004329004329004329
96.0,98.0,44.0,48.0,203,0.029556650246305417
98.0,100.0,44.0,48.0,157,0.03821656050955414
100.0,102.0,44.0,48.0,111,0.04504504504504504
102.0,104.0,44.0,48.0,71,0.07042253521126761
104.0,106.0,44.0,48.0,25,0.16
106.0,108.0,44.0,48.0,14,
108.0,110.0,44.0,48.0,9,
110.0,112.0,44.0,48.0,0,
112.0,114.0,44.0,48.0,1,
114.0,116.0,44.0,48.0,0,
116.0,118.0,44.0,48.0,0,
118.0,120.0,44.0,48.0,0,
60.0,62.0,48.0,52.0,21,0.047619047619047616
62.0,64.0,48.0,52.0,30,0.1
64.0,66.0,48.0,52.0,24,0.2916666666666667
66.0,68.0,48.0,52.0,47,0.23404255319148937
68.0,70.0,48.0,52.0,57,0.19298245614035087
70.0,72.0,48.0,52.0,71,0.11267605633802817
72.0,74.0,48.0,52.0,62,0.16129032258064516
74.0,76.0,48.0,52.0,91,0.0989010989010989
76.0,78.0,48.0,52.0,113,0.07079646017699115
78.0,80.0,48.0,52.0,111,0.05405405405405406
80.0,82.0,48.0,52.0,118,0.00847457627118644
82.0,84.0,48.0,52.0,163,0.024539877300613498
84.0,86.0,48.0,52.0,179,0.01675977653631285
86.0,88.0,48.0,52.0,203,0.009852216748768473
88.0,90.0,48.0,52.0,234,0.0
90.0,92.0,48.0,52.0,246,0.0040650406504065045
92.0,94.0,48.0,52.0,233,0.0
94.0,96.0,48.0,52.0,216,0.023148148148148147
96.0,98.0,48.0,52.0,148,0.006756756756756757
98.0,100.0,48.0,52.0,107,0.018691588785046728
100.0,102.0,48.0,52.0,76,0.0
102.0,104.0,48.0,52.0,42,0.047619047619047616
104.0,106.0,48.0,52.0,25,0.12
106.0,108.0,48.0,52.0,10,
108.0,110.0,48.0,52.0,2,
110.0,112.0,48.0,52.0,1,
112.0,114.0,48.0,52.0,0,
114.0,116.0,48.0,52.0,0,
116.0,118.0,48.0,52.0,0,
118.0,120.0,48.0,52.0,0,
60.0,62.0,52.0,56.0,23,0.0
62.0,64.0,52.0,56.0,30,0.06666666666666667
64.0,66.0,52.0,56.0,43,0.023255813953488372
66.0,68.0,52.0,56.0,38,0.0
68.0,70.0,52.0,56.0,49,0.12244897959183673
70.0,72.0,52.0,56.0,68,0.08823529411764706
72.0,74.0,52.0,56.0,57,0.14035087719298245
74.0,76.0,52.0,56.0,63,0.06349206349206349
76.0,78.0,52.0,56.0,97,0.061855670103092786
78.0,80.0,52.0,56.0,95,0.05263157894736842
80.0,82.0,52.0,56.0,114,0.07017543859649122
82.0,84.0,52.0,56.0,154,0.025974025974025976
84.0,86.0,52.0,56.0,153,0.013071895424836602
86.0,88.0,52.0,56.0,188,0.0
88.0,90.0,52.0,56.0,199,0.010050251256281407
90.0,92.0,52.0,56.0,212,0.0
92.0,94.0,52.0,56.0,158,0.006329113924050633
94.0,96.0,52.0,56.0,149,0.0
96.0,98.0,52.0,56.0,136,0.014705882352941176
98.0,100.0,52.0,56.0,80,0.0
100.0,102.0,52.0,56.0,71,0.014084507042253521
102.0,104.0,52.0,56.0,22,0.0
104.0,106.0,52.0,56.0,15,0.06666666666666667
106.0,108.0,52.0,56.0,5,
108.0,110.0,52.0,56.0,2,
110.0,112.0,52.0,56.0,0,
112.0,114.0,52.0,56.0,0,
114.0,116.0,52.0,56.0,0,
116.0,118.0,52.0,56.0,0,
118.0,120.0,52.0,56.0,0,
60.0,62.0,56.0,60.0,25,0.0
62.0,64.0,56.0,60.0,26,0.0
64.0,66.0,56.0,60.0,25,0.0
66.0,68.0,56.0,60.0,37,0.0
68.0,70.0,56.0,60.0,40,0.025
70.0,72.0,56.0,60.0,60,0.0
72.0,74.0,56.0,60.0,67,0.04477611940298507
74.0,76.0,56.0,60.0,63,0.047619047619047616
76.0,78.0,56.0,60.0,95,0.031578947368421054
78.0,80.0,56.0,60.0,99,0.050505050505050504
80.0,82.0,56.0,60.0,105,0.02857142857142857
82.0,84.0,56.0,60.0,140,0.04285714285714286
84.0,86.0,56.0,60.0,140,0.05
86.0,88.0,56.0,60.0,145,0.013793103448275862
88.0,90.0,56.0,60.0,165,0.006060606060606061
90.0,92.0,56.0,60.0,179,0.01675977653631285
92.0,94.0,56.0,60.0,151,0.019867549668874173
94.0,96.0,56.0,60.0,130,0.007692307692307693
96.0,98.0,56.0,60.0,91,0.01098901098901099
98.0,100.0,56.0,60.0,57,0.0
100.0,102.0,56.0,60.0,28,0.0
102.0,104.0,56.0,60.0,18,0.0
104.0,106.0,56.0,60.0,7,
106.0,108.0,56.0,60.0,4,
108.0,110.0,56.0,60.0,1,
110.0,112.0,56.0,60.0,0,
112.0,114.0,56.0,60.0,0,
114.0,116.0,56.0,60.0,0,
116.0,118.0,56.0,60.0,0,
118.0,120.0,56.0,60.0,0,
60.0,62.0,60.0,64.0,22,0.0
62.0,64.0,60.0,64.0,23,0.0
64.0,66.0,60.0,64.0,38,0.0
66.0,68.0,60.0,64.0,40,0.0
68.0,70.0,60.0,64.0,49,0.0
70.0,72.0,60.0,64.0,76,0.0
72.0,74.0,60.0,64.0,81,0.024691358024691357
74.0,76.0,60.0,64.0,76,0.0
76.0,78.0,60.0,64.0,98,0.02040816326530612
78.0,80.0,60.0,64.0,100,0.0
80.0,82.0,60.0,64.0,102,0.0
82.0,84.0,60.0,64.0,119,0.025210084033613446
84.0,86.0,60.0,64.0,143,0.027972027972027972
86.0,88.0,60.0,64.0,138,0.028985507246376812
88.0,90.0,60.0,64.0,161,0.024844720496894408
90.0,92.0,60.0,64.0,146,0.0273972602739726
92.0,94.0,60.0,64.0,112,0.03571428571428571
94.0,96.0,60.0,64.0,96,0.010416666666666666
96.0,98.0,60.0,64.0,71,0.014084507042253521
98.0,100.0,60.0,64.0,37,0.0
100.0,102.0,60.0,64.0,19,0.05263157894736842
102.0,104.0,60.0,64.0,7,
104.0,106.0,60.0,64.0,2,
106.0,108.0,60.0,64.0,1,
108.0,110.0,60.0,64.0,0,
110.0,112.0,60.0,64.0,0,
112.0,114.0,60.0,64.0,0,
114.0,116.0,60.0,64.0,0,
116.0,118.0,60.0,64.0,0,
118.0,120.0,60.0,64.0,0,
60.0,62.0,64.0,68.0,24,0.0
62.0,64.0,64.0,68.0,21,0.0
64.0,66.0,64.0,68.0,27,0.0
66.0,68.0,64.0,68.0,38,0.0
68.0,70.0,64.0,68.0,47,0.02127659574468085
70.0,72.0,64.0,68.0,47,0.0
72.0,74.0,64.0,68.0,50,0.0
74.0,76.0,64.0,68.0,68,0.0
76.0,78.0,64.0,68.0,71,0.0
78.0,80.0,64.0,68.0,95,0.0
80.0,82.0,64.0,68.0,100,0.0
82.0,84.0,64.0,68.0,111,0.02702702702702703
84.0,86.0,64.0,68.0,109,0.0
86.0,88.0,64.0,68.0,132,0.0
88.0,90.0,64.0,68.0,143,0.0
90.0,92.0,64.0,68.0,111,0.0
92.0,94.0,64.0,68.0,96,0.0
94.0,96.0,64.0,68.0,73,0.0136986301369863
96.0,98.0,64.0,68.0,46,0.0
98.0,100.0,64.0,68.0,21,0.047619047619047616
100.0,102.0,64.0,68.0,13,
102.0,104.0,64.0,68.0,4,
104.0,106.0,64.0,68.0,2,
106.0,108.0,64.0,68.0,2,
108.0,110.0,64.0,68.0,0,
110.0,112.0,64.0,68.0,0,
112.0,114.0,64.0,68.0,0,
114.0,116.0,64.0,68.0,0,
116.0,118.0,64.0,68.0,0,
118.0,120.0,64.0,68.0,0,
60.0,62.0,68.0,72.0,16,0.0
62.0,64.0,68.0,72.0,10,
64.0,66.0,68.0,72.0,38,0.0
66.0,68.0,68.0,72.0,29,0.0
68.0,70.0,68.0,72.0,55,0.01818181818181818
70.0,72.0,68.0,72.0,39,0.0
72.0,74.0,68.0,72.0,66,0.0
74.0,76.0,68.0,72.0,75,0.013333333333333334
76.0,78.0,68.0,72.0,78,0.01282051282051282
78.0,80.0,68.0,72.0,97,0.0
80.0,82.0,68.0,72.0,102,0.0
82.0,84.0,68.0,72.0,104,0.009615384615384616
84.0,86.0,68.0,72.0,117,0.0
86.0,88.0,68.0,72.0,120,0.0
88.0,90.0,68.0,72.0,116,0.008620689655172414
90.0,92.0,68.0,72.0,83,0.03614457831325301
92.0,94.0,68.0,72.0,71,0.0
94.0,96.0,68.0,72.0,39,0.02564102564102564
96.0,98.0,68.0,72.0,23,0.0
98.0,100.0,68.0,72.0,12,
100.0,102.0,68.0,72.0,3,
102.0,104.0,68.0,72.0,2,
104.0,106.0,68.0,72.0,0,
106.0,108.0,68.0,72.0,0,
108.0,110.0,68.0,72.0,0,
110.0,112.0,68.0,72.0,0,
112.0,114.0,68.0,72.0,0,
114.0,116.0,68.0,72.0,0,
116.0,118.0,68.0,72.0,0,
118.0,120.0,68.0,72.0,0,
