batter,name,balls_in_play,hits,expected_hits,hits_above_expected,babip_style_avg,expected_avg
693304,Nick Gonzales,428,161,137.129,23.871,0.3762,0.3204
694192,Jackson Chourio,367,142,121.9191,20.0809,0.3869,0.3322
678882,Ceddanne Rafaela,415,149,129.6044,19.3956,0.359,0.3123
802415,Chandler Simpson,486,157,138.1221,18.8779,0.323,0.2842
673548,Seiya Suzuki,388,145,128.2861,16.7139,0.3737,0.3306
676356,Jonny Deluca,261,91,74.6856,16.3144,0.3487,0.2862
805367,Chase Meidroth,401,143,127.8517,15.1483,0.3566,0.3188
681198,Tj Rumfield,425,151,136.9798,14.0202,0.3553,0.3223
575929,Willson Contreras,311,122,108.2669,13.7331,0.3923,0.3481
691718,Pete Crow-Armstrong,426,168,155.4886,12.5114,0.3944,0.365
676391,Ernie Clement,513,145,132.6617,12.3383,0.2827,0.2586
665161,Jeremy Peña,330,122,109.9018,12.0982,0.3697,0.333
683953,Travis Bazzana,320,103,90.9036,12.0964,0.3219,0.2841
805808,Kevin Mcgonigle,499,166,153.9673,12.0327,0.3327,0.3086
703607,Henry Bolte,263,106,94.0279,11.9721,0.403,0.3575
687263,Zach Neto,381,138,126.1147,11.8853,0.3622,0.331
682928,Cj Abrams,418,147,135.2018,11.7982,0.3517,0.3234
668930,Brice Turang,382,143,131.4073,11.5927,0.3743,0.344
606192,Teoscar Hernández,301,114,102.8834,11.1166,0.3787,0.3418
672640,Otto Lopez,511,171,159.9519,11.0481,0.3346,0.313
666160,Mickey Moniak,286,96,85.2926,10.7074,0.3357,0.2982
664040,Brandon Lowe,395,149,138.344,10.656,0.3772,0.3502
664983,Jake Mccarthy,428,147,136.4374,10.5626,0.3435,0.3188
701807,Carson Benge,435,161,150.5661,10.4339,0.3701,0.3461
682829,Elly De La Cruz,366,150,139.6859,10.3141,0.4098,0.3817
666018,Jonathan Aranda,405,151,140.9218,10.0782,0.3728,0.348
664034,Ty France,308,115,104.9239,10.0761,0.3734,0.3407
687401,Joey Ortiz,276,93,82.9279,10.0721,0.337,0.3005
682985,Riley Greene,347,138,128.3242,9.6758,0.3977,0.3698
514888,José Altuve,380,119,109.5637,9.4363,0.3132,0.2883
668227,Randy Arozarena,403,144,134.5713,9.4287,0.3573,0.3339
807712,Luke Keaschall,396,122,112.6601,9.3399,0.3081,0.2845
571448,Nolan Arenado,398,128,119.0081,8.9919,0.3216,0.299
669364,Xavier Edwards,420,136,127.4608,8.5392,0.3238,0.3035
656811,Ryan O'Hearn,300,106,97.7579,8.2421,0.3533,0.3259
663968,Jake Mangum,323,110,101.9147,8.0853,0.3406,0.3155
672515,Gabriel Moreno,394,144,135.9342,8.0658,0.3655,0.345
695600,Carter Jensen,352,117,109.0933,7.9067,0.3324,0.3099
677649,Ezequiel Duran,387,131,123.1722,7.8278,0.3385,0.3183
608324,Alex Bregman,501,158,150.7746,7.2254,0.3154,0.3009
643289,Mauricio Dubón,483,152,144.8821,7.1179,0.3147,0.3
641343,Jake Bauers,312,122,114.9657,7.0343,0.391,0.3685
696100,Hunter Goodman,326,117,110.2958,6.7042,0.3589,0.3383
691023,Jordan Walker,420,157,150.3724,6.6276,0.3738,0.358
680869,Zack Gelof,260,87,80.4618,6.5382,0.3346,0.3095
679529,Spencer Torkelson,333,120,113.6942,6.3058,0.3604,0.3414
650489,Willi Castro,279,99,92.7162,6.2838,0.3548,0.3323
553993,Eugenio Suárez,259,90,83.7285,6.2715,0.3475,0.3233
646240,Rafael Devers,378,132,126.0492,5.9508,0.3492,0.3335
502671,Paul Goldschmidt,255,85,79.4052,5.5948,0.3333,0.3114
702332,Caleb Durbin,420,122,116.4845,5.5155,0.2905,0.2773
683737,Michael Busch,426,138,132.4888,5.5112,0.3239,0.311
805811,Bryce Eldridge,257,98,92.8921,5.1079,0.3813,0.3614
669003,Garrett Mitchell,287,116,110.9978,5.0022,0.4042,0.3868
670541,Yordan Álvarez,439,171,166.0111,4.9889,0.3895,0.3782
607208,Trea Turner,472,145,140.0158,4.9842,0.3072,0.2966
660688,Keibert Ruiz,292,91,86.116,4.884,0.3116,0.2949
691594,Javier Sanoja,401,124,119.1258,4.8742,0.3092,0.2971
800050,Chase Delauter,403,138,133.3297,4.6703,0.3424,0.3308
664023,Ian Happ,350,118,113.4732,4.5268,0.3371,0.3242
660271,Shohei Ohtani,365,141,136.5184,4.4816,0.3863,0.374
650402,Gleyber Torres,278,92,87.5426,4.4574,0.3309,0.3149
695506,Jac Caglianone,366,146,141.7105,4.2895,0.3989,0.3872
650490,Yandy Díaz,507,176,171.736,4.264,0.3471,0.3387
669016,Brandon Marsh,377,130,125.7479,4.2521,0.3448,0.3335
672960,Kazuma Okamoto,383,127,122.8853,4.1147,0.3316,0.3208
621439,Byron Buxton,254,88,83.8854,4.1146,0.3465,0.3303
661388,William Contreras,463,145,140.8926,4.1074,0.3132,0.3043
701398,Sal Stewart,438,151,146.9444,4.0556,0.3447,0.3355
689414,Liam Hicks,417,129,125.0213,3.9787,0.3094,0.2998
700250,Ben Rice,409,150,146.1661,3.8339,0.3667,0.3574
671976,Tristan Peters,324,106,102.1808,3.8192,0.3272,0.3154
676609,José Caballero,280,87,83.2007,3.7993,0.3107,0.2971
694671,Wyatt Langford,296,97,93.3205,3.6795,0.3277,0.3153
702222,Justin Crawford,329,105,101.4842,3.5158,0.3191,0.3085
571970,Max Muncy,325,116,112.6374,3.3626,0.3569,0.3466
642715,Willy Adames,320,103,99.6483,3.3517,0.3219,0.3114
665487,Fernando Tatís,463,164,160.7038,3.2962,0.3542,0.3471
665862,Jazz Chisholm,302,100,96.7285,3.2715,0.3311,0.3203
671277,Luis García,408,141,137.757,3.243,0.3456,0.3376
663586,Austin Riley,355,118,114.772,3.228,0.3324,0.3233
673962,Josh Jung,306,111,107.9181,3.0819,0.3627,0.3527
681624,Andy Pages,402,138,135.0093,2.9907,0.3433,0.3358
671739,Michael Harris,450,161,158.0606,2.9394,0.3578,0.3512
677587,Brayan Rocchio,425,126,123.1161,2.8839,0.2965,0.2897
696285,Jacob Young,332,104,101.1654,2.8346,0.3133,0.3047
669065,Kyle Stowers,282,103,100.2965,2.7035,0.3652,0.3557
543807,George Springer,362,115,112.3392,2.6608,0.3177,0.3103
686948,Drake Baldwin,412,154,151.5972,2.4028,0.3738,0.368
669127,Shea Langeliers,288,99,96.6653,2.3347,0.3438,0.3356
665750,Leody Taveras,289,88,85.6766,2.3234,0.3045,0.2965
518692,Freddie Freeman,458,162,159.7177,2.2823,0.3537,0.3487
630105,Jake Cronenworth,262,81,78.8276,2.1724,0.3092,0.3009
671218,Heliot Ramos,276,98,95.9192,2.0808,0.3551,0.3475
608348,Carson Kelly,300,96,93.9981,2.0019,0.32,0.3133
663886,Tyler Stephenson,270,93,91.0146,1.9854,0.3444,0.3371
656941,Kyle Schwarber,355,129,127.3495,1.6505,0.3634,0.3587
669394,Jake Burger,388,125,123.4197,1.5803,0.3222,0.3181
701675,Nathan Church,339,102,100.5254,1.4746,0.3009,0.2965
687462,Spencer Horwitz,296,88,86.5924,1.4076,0.2973,0.2925
682657,Angel Martínez,281,92,90.6588,1.3412,0.3274,0.3226
641355,Cody Bellinger,403,128,126.6704,1.3296,0.3176,0.3143
808959,Munetaka Murakami,252,91,89.6956,1.3044,0.3611,0.3559
695734,Daylen Lile,461,141,139.7294,1.2706,0.3059,0.3031
643217,Andrew Benintendi,308,98,96.8643,1.1357,0.3182,0.3145
686681,Michael Massey,345,110,108.9523,1.0477,0.3188,0.3158
673237,Yainer Diaz,286,97,96.0023,0.9977,0.3392,0.3357
695657,Colson Montgomery,337,109,108.0195,0.9805,0.3234,0.3205
660670,Ronald Acuña,300,102,101.3392,0.6608,0.34,0.3378
683146,Brett Baty,295,99,98.3731,0.6269,0.3356,0.3335
679845,Nick Loftin,286,81,80.3974,0.6026,0.2832,0.2811
663616,Trevor Larnach,290,96,95.4874,0.5126,0.331,0.3293
686797,Brooks Lee,456,136,135.6287,0.3713,0.2982,0.2974
643446,Jeff Mcneil,409,124,123.7841,0.2159,0.3032,0.3027
670623,Isaac Paredes,434,126,125.8281,0.1719,0.2903,0.2899
677800,Wilyer Abreu,457,146,145.8405,0.1595,0.3195,0.3191
690993,Colt Keith,297,98,97.9808,0.0192,0.33,0.3299
665877,José Fermín,277,80,80.0099,-0.0099,0.2888,0.2888
668904,Royce Lewis,328,104,104.0322,-0.0322,0.3171,0.3172
680757,Steven Kwan,448,142,142.0779,-0.0779,0.317,0.3171
669477,Casey Schmitt,304,104,104.2654,-0.2654,0.3421,0.343
678391,Jorbit Vivas,256,72,72.3526,-0.3526,0.2812,0.2826
805999,A. J. Ewing,298,102,102.4464,-0.4464,0.3423,0.3438
645277,Ozzie Albies,494,133,133.4676,-0.4676,0.2692,0.2702
664770,Nathan Lukes,324,103,103.5409,-0.5409,0.3179,0.3196
547180,Bryce Harper,425,149,149.6131,-0.6131,0.3506,0.352
621493,Taylor Ward,351,107,107.6623,-0.6623,0.3048,0.3067
681082,Bryson Stott,423,132,132.7046,-0.7046,0.3121,0.3137
665926,Andrés Giménez,351,102,102.7379,-0.7379,0.2906,0.2927
672580,Maikel García,257,83,83.7558,-0.7558,0.323,0.3259
686527,Dominic Canzone,368,126,126.9171,-0.9171,0.3424,0.3449
666126,Carlos Cortes,257,78,78.9876,-0.9876,0.3035,0.3073
681715,Heriberto Hernandez,309,102,103.2287,-1.2287,0.3301,0.3341
668804,Bryan Reynolds,426,149,150.2887,-1.2887,0.3498,0.3528
802139,Jj Wetherholt,422,123,124.355,-1.355,0.2915,0.2947
605137,Josh Bell,442,143,144.6334,-1.6334,0.3235,0.3272
687093,Vaughn Grissom,322,99,100.7254,-1.7254,0.3075,0.3128
621020,Dansby Swanson,309,89,90.8512,-1.8512,0.288,0.294
663993,Nathaniel Lowe,281,95,96.9921,-1.9921,0.3381,0.3452
682998,Corbin Carroll,422,131,133.2007,-2.2007,0.3104,0.3156
686469,Vinnie Pasquantino,343,100,102.3026,-2.3026,0.2915,0.2983
671732,Lawrence Butler,307,100,102.3857,-2.3857,0.3257,0.3335
687859,Troy Johnston,297,102,104.4235,-2.4235,0.3434,0.3516
803011,Sam Antonacci,389,128,130.5442,-2.5442,0.329,0.3356
545361,Mike Trout,341,121,123.5489,-2.5489,0.3548,0.3623
607043,Brandon Nimmo,405,136,138.7425,-2.7425,0.3358,0.3426
691720,Kyle Karros,288,93,95.8312,-2.8312,0.3229,0.3327
662139,Daulton Varsho,347,95,98.0524,-3.0524,0.2738,0.2826
678662,Ezequiel Tovar,312,90,93.121,-3.121,0.2885,0.2985
676475,Alec Burleson,475,166,169.23,-3.23,0.3495,0.3563
686611,Dylan Crews,284,84,87.2826,-3.2826,0.2958,0.3073
694384,Nolan Schanuel,320,99,102.3096,-3.3096,0.3094,0.3197
592885,Christian Yelich,287,91,94.3157,-3.3157,0.3171,0.3286
621566,Matt Olson,442,150,153.3426,-3.3426,0.3394,0.3469
691406,Junior Caminero,472,160,163.355,-3.355,0.339,0.3461
592626,Joc Pederson,256,84,87.9606,-3.9606,0.3281,0.3436
650333,Luis Arráez,546,167,171.0016,-4.0016,0.3059,0.3132
593428,Xander Bogaerts,351,103,107.1121,-4.1121,0.2934,0.3052
683083,Nasim Nuñez,315,82,86.1237,-4.1237,0.2603,0.2734
680700,Richie Palacios,270,78,82.4014,-4.4014,0.2889,0.3052
695578,James Wood,328,129,133.4194,-4.4194,0.3933,0.4068
805300,Jakob Marsee,369,107,111.6107,-4.6107,0.29,0.3025
694212,Samuel Basallo,253,79,83.6461,-4.6461,0.3123,0.3306
691016,Tyler Soderstrom,276,84,88.7401,-4.7401,0.3043,0.3215
677951,Bobby Witt,424,141,145.7578,-4.7578,0.3325,0.3438
702284,Cole Young,461,135,140.0202,-5.0202,0.2928,0.3037
686555,Isaac Collins,317,91,96.113,-5.113,0.2871,0.3032
596019,Francisco Lindor,311,90,95.1644,-5.1644,0.2894,0.306
665742,Juan Soto,319,102,107.1738,-5.1738,0.3197,0.336
647304,Josh Naylor,498,146,151.4952,-5.4952,0.2932,0.3042
805779,Jacob Wilson,259,77,82.5671,-5.5671,0.2973,0.3188
701538,Jackson Merrill,402,132,137.6168,-5.6168,0.3284,0.3423
573262,Mike Yastrzemski,255,75,80.7,-5.7,0.2941,0.3165
678246,Miguel Vargas,463,146,151.7123,-5.7123,0.3153,0.3277
691026,Masyn Winn,352,108,113.7946,-5.7946,0.3068,0.3233
663728,Cal Raleigh,287,82,88.0494,-6.0494,0.2857,0.3068
572233,Christian Walker,415,124,130.3076,-6.3076,0.2988,0.314
671056,Iván Herrera,449,141,147.3672,-6.3672,0.314,0.3282
666176,Jo Adell,435,142,148.5221,-6.5221,0.3264,0.3414
656775,Cedric Mullins,326,76,82.8299,-6.8299,0.2331,0.2541
808982,Jung Hoo Lee,468,141,147.9255,-6.9255,0.3013,0.3161
686217,Sal Frelick,284,72,79.0649,-7.0649,0.2535,0.2784
677594,Julio Rodríguez,438,142,149.4067,-7.4067,0.3242,0.3411
687551,Drew Gilbert,265,77,84.4577,-7.4577,0.2906,0.3187
545121,Ildemaro Vargas,382,105,112.5125,-7.5125,0.2749,0.2945
668939,Adley Rutschman,288,86,93.778,-7.778,0.2986,0.3256
663656,Kyle Tucker,429,123,131.1958,-8.1958,0.2867,0.3058
641487,J. P. Crawford,304,85,93.2881,-8.2881,0.2796,0.3069
693307,Dillon Dingler,409,132,140.886,-8.886,0.3227,0.3445
657757,Gavin Sheets,267,74,82.9808,-8.9808,0.2772,0.3108
605141,Mookie Betts,397,112,121.0804,-9.0804,0.2821,0.305
650859,Luis Rengifo,251,66,75.0839,-9.0839,0.2629,0.2991
672695,Geraldo Perdomo,460,135,144.1489,-9.1489,0.2935,0.3134
680574,Matt Mclain,284,76,85.4456,-9.4456,0.2676,0.3009
543760,Marcus Semien,389,103,112.6523,-9.6523,0.2648,0.2896
605170,Víctor Caratini,252,71,80.7376,-9.7376,0.2817,0.3204
665019,Kody Clemens,398,122,131.9943,-9.9943,0.3065,0.3316
608369,Corey Seager,278,85,95.2798,-10.2798,0.3058,0.3427
608070,José Ramírez,385,105,115.2892,-10.2892,0.2727,0.2995
641680,Jonah Heim,266,61,71.7355,-10.7355,0.2293,0.2697
656716,Zach Mckinstry,282,69,79.7479,-10.7479,0.2447,0.2828
624413,Pete Alonso,417,153,163.848,-10.848,0.3669,0.3929
701358,Cam Smith,365,107,119.1098,-12.1098,0.2932,0.3263
606466,Ketel Marte,459,133,145.402,-12.402,0.2898,0.3168
680776,Jarren Duran,374,107,119.4674,-12.4674,0.2861,0.3194
668709,Jj Bleday,337,96,108.787,-12.787,0.2849,0.3228
664761,Alec Bohm,470,137,151.0031,-14.0031,0.2915,0.3213
665489,Vladimir Guerrero,457,138,152.8814,-14.8814,0.302,0.3345
683002,Gunnar Henderson,462,139,153.9172,-14.9172,0.3009,0.3332
592518,Manny Machado,430,121,136.7506,-15.7506,0.2814,0.318
521692,Salvador Pérez,458,129,145.3583,-16.3583,0.2817,0.3174
663757,Trent Grisham,322,87,103.5299,-16.5299,0.2702,0.3215
592663,J. T. Realmuto,295,74,91.5446,-17.5446,0.2508,0.3103
663538,Nico Hoerner,559,157,174.9668,-17.9668,0.2809,0.313
666182,Bo Bichette,487,154,175.2986,-21.2986,0.3162,0.36
